{
  "subpop_names_mapping": {"R1":  0, "R2":  1,"R3":  2, "R4":  3,"R5":  4, "R6":  5,"R7":  6, "R8":  7,"R9":  8, "R10":  9,"R11":  10},
  "travel_proportions_array":  [[0.97002688 ,0.60662003 ,0.08814084, 0.26283178 ,0.23902899,0.03760885,
  0.22529736, 0.53892435, 0.66184569, 0.63012062, 0.18409542],
 [0.69083977, 1,         0.30341282, 0.68068202, 0.50867401, 0.12680271,
  0.0345203,  0.2339169,  0.32550469, 0.61974696, 0.39959798],
 [0.14709065, 0.46684029, 1,        0.5819728,  0.07479504, 0.11996539,
  0,        0.03109465, 0.17191781, 0.2810272,  0.73875373],
 [0.42666557, 0.83368606, 0.46616641, 1,         0.36817231, 0.17458007,
  0.01395562, 0.14106637, 0.22162257, 0.45993367, 0.28728031],
 [0.04387113, 0.31543746, 0.02877692, 0.16654777, 1,        0.304389,
  0.1797292,  0,       0.05125668, 0.04182699, 0.02965047],
 [0,        0.19626059, 0.08048304, 0.18025807, 0.49866619, 1,
  0.12029578, 0.07298607, 0.11133017, 0.06528889, 0.0678792 ],
 [0.03644367, 0,         0,         0,         0.37146542, 0.12957786,
  1,         0.36873668, 0,        0,         0],
 [0.49640383, 0.12662207, 0.0443457,  0.11801939, 0,         0,
  0.22052235, 1,        0.60044164, 0.12732384, 0.10764952],
 [1,       0.35082117, 0.12223869, 0.2874793,  0.09716346, 0.06997327,
  0.08003344, 0.83565573, 1,         0.55295342, 0.24897515],
 [0.98813681, 0.81309738, 0.16869284, 0.35500733, 0.1693285,  0.07967069,
  0.08236112, 0.27301882, 0.58984836, 1,        0.44707267],
 [0.59271519, 0.87832202, 0.95397389, 0.64002599, 0.47192063, 0.24450199,
  0.34177959, 0.38746705, 0.43238907, 0.8145154,  1 ]]
}